Feature,MI_Score
Hypertension,0.08593198830959359
Age,0.06820389277648262
Heart_Disease,0.03616024791343331
Diabetes,0.028708498419226715
Avg_Glucose,0.025014390306162117
BMI,0.0036388392947674583
Smoking_Status_Current,0.003104323232840366
Smoking_Status_Never,0.0007009576409553655
Smoking_Status_Former,0.0006201546287023492
SES,0.00036625195732724347
Gender,1.1612212094235441e-05
