Feature,MI_Score
Hypertension,0.08281640930978734
Age,0.06911814323997263
Heart_Disease,0.03636179902512851
Avg_Glucose,0.02830013107138674
Diabetes,0.02772469859753464
BMI,0.0046297893735985154
Smoking_Status_Current,0.0028131128878296635
Smoking_Status_Former,0.0008209563826082388
SES,0.0005002602198658846
Smoking_Status_Never,0.0004531719132634601
Gender,4.587309931111715e-06
